<?xml version="1.0" encoding="UTF-8" standalone="no"?>
<database name="comedor" schema="public" type="PostgreSQL - 8.3.7">
   <tables>
      <table name="agregado" numRows="2" remarks="" schema="public" type="TABLE">
         <column autoUpdated="true" defaultValue="nextval('agregado_id_agregado_seq'::regclass)" digits="0" id="0" name="id_agregado" nullable="false" remarks="" size="10" type="serial"/>
         <column autoUpdated="false" digits="0" id="1" name="id_cliente" nullable="true" remarks="" size="10" type="int4">
            <parent column="id_cliente" foreignKey="fk_agregado_cliente" implied="false" onDeleteCascade="false" table="cliente"/>
         </column>
         <column autoUpdated="false" digits="0" id="2" name="id_persona" nullable="true" remarks="" size="10" type="int4">
            <parent column="id_persona" foreignKey="fk_agregado_persona" implied="false" onDeleteCascade="false" table="persona"/>
         </column>
         <column autoUpdated="false" defaultValue="0" digits="0" id="3" name="orden" nullable="true" remarks="" size="10" type="int4"/>
         <column autoUpdated="false" defaultValue="false" digits="0" id="4" name="obsoleto" nullable="true" remarks="" size="1" type="bool"/>
         <primaryKey column="id_agregado" sequenceNumberInPK="1"/>
         <index name="pk_hijo_cliente" unique="true">
            <column ascending="true" name="id_agregado"/>
         </index>
      </table>
      <table name="cliente" numRows="1" remarks="" schema="public" type="TABLE">
         <column autoUpdated="true" defaultValue="nextval('cliente_id_cliente_seq'::regclass)" digits="0" id="0" name="id_cliente" nullable="false" remarks="" size="10" type="serial">
            <child column="id_cliente" foreignKey="fk_agregado_cliente" implied="false" onDeleteCascade="false" table="agregado"/>
         </column>
         <column autoUpdated="false" digits="0" id="1" name="codigo" nullable="true" remarks="" size="19" type="int8"/>
         <column autoUpdated="false" digits="0" id="2" name="id_persona" nullable="true" remarks="" size="10" type="int4">
            <parent column="id_persona" foreignKey="fk_cliente_persona" implied="false" onDeleteCascade="false" table="persona"/>
         </column>
         <column autoUpdated="false" digits="0" id="3" name="id_evento" nullable="true" remarks="" size="10" type="int4">
            <parent column="id_evento" foreignKey="fk_cliente_evento" implied="false" onDeleteCascade="false" table="evento"/>
         </column>
         <column autoUpdated="false" digits="0" id="4" name="id_tipo_cliente" nullable="true" remarks="" size="10" type="int4">
            <parent column="id_tipo_cliente" foreignKey="fk_cliente_tipo_cliente" implied="false" onDeleteCascade="false" table="tipo_cliente"/>
         </column>
         <column autoUpdated="false" digits="0" id="5" name="beca" nullable="true" remarks="" size="10" type="int4"/>
         <column autoUpdated="false" digits="0" id="6" name="renovado" nullable="true" remarks="" size="13" type="date"/>
         <column autoUpdated="false" digits="0" id="7" name="fecha_desde" nullable="true" remarks="" size="13" type="date"/>
         <column autoUpdated="false" digits="0" id="8" name="fecha_hasta" nullable="true" remarks="" size="13" type="date"/>
         <column autoUpdated="false" defaultValue="0.0" digits="8" id="9" name="saldo" nullable="true" remarks="" size="8" type="float4"/>
         <column autoUpdated="false" defaultValue="0" digits="0" id="10" name="raciones" nullable="true" remarks="" size="10" type="int4"/>
         <column autoUpdated="false" defaultValue="false" digits="0" id="11" name="obsoleto" nullable="true" remarks="" size="1" type="bool"/>
         <primaryKey column="id_cliente" sequenceNumberInPK="1"/>
         <index name="pk_cliente" unique="true">
            <column ascending="true" name="id_cliente"/>
         </index>
      </table>
      <table name="evento" numRows="0" remarks="" schema="public" type="TABLE">
         <column autoUpdated="true" defaultValue="nextval('evento_id_evento_seq'::regclass)" digits="0" id="0" name="id_evento" nullable="false" remarks="" size="10" type="serial">
            <child column="id_evento" foreignKey="fk_cliente_evento" implied="false" onDeleteCascade="false" table="cliente"/>
         </column>
         <column autoUpdated="false" digits="0" id="1" name="nombre" nullable="false" remarks="" size="250" type="varchar"/>
         <column autoUpdated="false" digits="0" id="2" name="fecha_desde" nullable="false" remarks="" size="13" type="date"/>
         <column autoUpdated="false" digits="0" id="3" name="fecha_hasta" nullable="false" remarks="" size="13" type="date"/>
         <column autoUpdated="false" digits="0" id="4" name="cantidad" nullable="false" remarks="" size="10" type="int4"/>
         <column autoUpdated="false" defaultValue="false" digits="0" id="5" name="obsoleto" nullable="true" remarks="" size="1" type="bool"/>
         <primaryKey column="id_evento" sequenceNumberInPK="1"/>
         <index name="pk_id_evento" unique="true">
            <column ascending="true" name="id_evento"/>
         </index>
      </table>
      <table name="extra" numRows="3" remarks="" schema="public" type="TABLE">
         <column autoUpdated="true" defaultValue="nextval('extra_id_extra_seq'::regclass)" digits="0" id="0" name="id_extra" nullable="false" remarks="" size="10" type="serial"/>
         <column autoUpdated="false" digits="0" id="1" name="descripcion" nullable="true" remarks="" size="200" type="varchar"/>
         <column autoUpdated="false" digits="0" id="2" name="codigo" nullable="true" remarks="" size="19" type="int8"/>
         <column autoUpdated="false" defaultValue="0.0" digits="8" id="3" name="precio_unitario" nullable="true" remarks="" size="8" type="float4"/>
         <column autoUpdated="false" digits="0" id="4" name="cantidad" nullable="true" remarks="" size="10" type="int4"/>
         <column autoUpdated="false" defaultValue="false" digits="0" id="5" name="obsoleto" nullable="true" remarks="" size="1" type="bool"/>
         <primaryKey column="id_extra" sequenceNumberInPK="1"/>
         <index name="pk_extras" unique="true">
            <column ascending="true" name="id_extra"/>
         </index>
      </table>
      <table name="parametros_generales" numRows="0" remarks="" schema="public" type="TABLE">
         <column autoUpdated="true" defaultValue="nextval('parametros_generales_id_parametros_generales_seq'::regclass)" digits="0" id="3" name="id_parametros_generales" nullable="false" remarks="" size="10" type="serial"/>
         <column autoUpdated="false" defaultValue="0.0" digits="8" id="4" name="precio_x_racion" nullable="true" remarks="" size="8" type="float4"/>
         <column autoUpdated="false" defaultValue="1" digits="0" id="5" name="racion_x_persona" nullable="true" remarks="" size="10" type="int4"/>
         <column autoUpdated="false" defaultValue="false" digits="0" id="6" name="obsoleto" nullable="true" remarks="" size="1" type="bool"/>
      </table>
      <table name="persona" numRows="3" remarks="" schema="public" type="TABLE">
         <column autoUpdated="true" defaultValue="nextval('persona_id_persona_seq'::regclass)" digits="0" id="0" name="id_persona" nullable="false" remarks="" size="10" type="serial">
            <child column="id_persona" foreignKey="fk_agregado_persona" implied="false" onDeleteCascade="false" table="agregado"/>
            <child column="id_persona" foreignKey="fk_cliente_persona" implied="false" onDeleteCascade="false" table="cliente"/>
         </column>
         <column autoUpdated="false" digits="0" id="1" name="nombre" nullable="false" remarks="" size="100" type="varchar"/>
         <column autoUpdated="false" digits="0" id="2" name="apellido" nullable="false" remarks="" size="100" type="varchar"/>
         <column autoUpdated="false" digits="0" id="3" name="cuip" nullable="true" remarks="" size="19" type="int8"/>
         <column autoUpdated="false" digits="0" id="4" name="mail" nullable="true" remarks="" size="250" type="varchar"/>
         <column autoUpdated="false" defaultValue="false" digits="0" id="5" name="obsoleto" nullable="true" remarks="" size="1" type="bool"/>
         <primaryKey column="id_persona" sequenceNumberInPK="1"/>
         <index name="pk_id_persona" unique="true">
            <column ascending="true" name="id_persona"/>
         </index>
      </table>
      <table name="tipo_cliente" numRows="3" remarks="" schema="public" type="TABLE">
         <column autoUpdated="true" defaultValue="nextval('tipo_cliente_id_tipo_cliente_seq'::regclass)" digits="0" id="0" name="id_tipo_cliente" nullable="false" remarks="" size="10" type="serial">
            <child column="id_tipo_cliente" foreignKey="fk_cliente_tipo_cliente" implied="false" onDeleteCascade="false" table="cliente"/>
         </column>
         <column autoUpdated="false" digits="0" id="1" name="descripcion" nullable="false" remarks="" size="200" type="varchar"/>
         <column autoUpdated="false" defaultValue="'D'::&quot;char&quot;" digits="0" id="2" name="tipo_beca" nullable="true" remarks="" size="1" type="varchar"/>
         <column autoUpdated="false" defaultValue="'$'::&quot;char&quot;" digits="0" id="3" name="tipo_monto" nullable="true" remarks="" size="1" type="varchar"/>
         <column autoUpdated="false" digits="0" id="4" name="beca" nullable="true" remarks="" size="10" type="int4"/>
         <column autoUpdated="false" defaultValue="'R'::&quot;char&quot;" digits="0" id="5" name="tipo_duracion" nullable="true" remarks="" size="1" type="varchar"/>
         <column autoUpdated="false" defaultValue="'F'::&quot;char&quot;" digits="0" id="6" name="tipo_renovacion" nullable="true" remarks="" size="1" type="varchar"/>
         <column autoUpdated="false" digits="0" id="7" name="renovacion" nullable="true" remarks="" size="10" type="varchar"/>
         <column autoUpdated="false" defaultValue="0" digits="0" id="8" name="max_personas_agregar" nullable="true" remarks="" size="10" type="int4"/>
         <column autoUpdated="false" defaultValue="false" digits="0" id="9" name="obsoleto" nullable="true" remarks="" size="1" type="bool"/>
         <primaryKey column="id_tipo_cliente" sequenceNumberInPK="1"/>
         <index name="pk_tipo_cliente" unique="true">
            <column ascending="true" name="id_tipo_cliente"/>
         </index>
      </table>
      <table name="v_agregado" numRows="0" remarks="" schema="public" type="VIEW">
         <column autoUpdated="false" digits="0" id="0" name="id_agregado" nullable="true" remarks="" size="10" type="int4"/>
         <column autoUpdated="false" digits="0" id="1" name="id_cliente" nullable="true" remarks="" size="10" type="int4"/>
         <column autoUpdated="false" digits="0" id="2" name="id_persona" nullable="true" remarks="" size="10" type="int4"/>
         <column autoUpdated="false" digits="0" id="3" name="orden" nullable="true" remarks="" size="10" type="int4"/>
         <column autoUpdated="false" digits="0" id="4" name="obsoleto" nullable="true" remarks="" size="1" type="bool"/>
      </table>
      <table name="v_agregado_all" numRows="0" remarks="" schema="public" type="VIEW">
         <column autoUpdated="false" digits="0" id="0" name="id_agregado" nullable="true" remarks="" size="10" type="int4"/>
         <column autoUpdated="false" digits="0" id="1" name="id_cliente" nullable="true" remarks="" size="10" type="int4"/>
         <column autoUpdated="false" digits="0" id="2" name="id_persona" nullable="true" remarks="" size="10" type="int4"/>
         <column autoUpdated="false" digits="0" id="3" name="orden" nullable="true" remarks="" size="10" type="int4"/>
         <column autoUpdated="false" digits="0" id="4" name="obsoleto" nullable="true" remarks="" size="1" type="bool"/>
      </table>
      <table name="v_cliente" numRows="0" remarks="" schema="public" type="VIEW">
         <column autoUpdated="false" digits="0" id="0" name="id_cliente" nullable="true" remarks="" size="10" type="int4"/>
         <column autoUpdated="false" digits="0" id="1" name="codigo" nullable="true" remarks="" size="19" type="int8"/>
         <column autoUpdated="false" digits="0" id="2" name="id_persona" nullable="true" remarks="" size="10" type="int4"/>
         <column autoUpdated="false" digits="0" id="3" name="id_evento" nullable="true" remarks="" size="10" type="int4"/>
         <column autoUpdated="false" digits="0" id="4" name="id_tipo_cliente" nullable="true" remarks="" size="10" type="int4"/>
         <column autoUpdated="false" digits="0" id="5" name="beca" nullable="true" remarks="" size="10" type="int4"/>
         <column autoUpdated="false" digits="0" id="6" name="renovado" nullable="true" remarks="" size="13" type="date"/>
         <column autoUpdated="false" digits="0" id="7" name="fecha_desde" nullable="true" remarks="" size="13" type="date"/>
         <column autoUpdated="false" digits="0" id="8" name="fecha_hasta" nullable="true" remarks="" size="13" type="date"/>
         <column autoUpdated="false" digits="8" id="9" name="saldo" nullable="true" remarks="" size="8" type="float4"/>
         <column autoUpdated="false" digits="0" id="10" name="raciones" nullable="true" remarks="" size="10" type="int4"/>
         <column autoUpdated="false" digits="0" id="11" name="obsoleto" nullable="true" remarks="" size="1" type="bool"/>
         <column autoUpdated="false" digits="0" id="12" name="ff_id_evento" nullable="true" remarks="" size="2147483647" type="varchar"/>
      </table>
      <table name="v_cliente_all" numRows="0" remarks="" schema="public" type="VIEW">
         <column autoUpdated="false" digits="0" id="0" name="id_cliente" nullable="true" remarks="" size="10" type="int4"/>
         <column autoUpdated="false" digits="0" id="1" name="codigo" nullable="true" remarks="" size="19" type="int8"/>
         <column autoUpdated="false" digits="0" id="2" name="id_persona" nullable="true" remarks="" size="10" type="int4"/>
         <column autoUpdated="false" digits="0" id="3" name="id_evento" nullable="true" remarks="" size="10" type="int4"/>
         <column autoUpdated="false" digits="0" id="4" name="id_tipo_cliente" nullable="true" remarks="" size="10" type="int4"/>
         <column autoUpdated="false" digits="0" id="5" name="beca" nullable="true" remarks="" size="10" type="int4"/>
         <column autoUpdated="false" digits="0" id="6" name="renovado" nullable="true" remarks="" size="13" type="date"/>
         <column autoUpdated="false" digits="0" id="7" name="fecha_desde" nullable="true" remarks="" size="13" type="date"/>
         <column autoUpdated="false" digits="0" id="8" name="fecha_hasta" nullable="true" remarks="" size="13" type="date"/>
         <column autoUpdated="false" digits="8" id="9" name="saldo" nullable="true" remarks="" size="8" type="float4"/>
         <column autoUpdated="false" digits="0" id="10" name="raciones" nullable="true" remarks="" size="10" type="int4"/>
         <column autoUpdated="false" digits="0" id="11" name="obsoleto" nullable="true" remarks="" size="1" type="bool"/>
         <column autoUpdated="false" digits="0" id="12" name="ff_id_evento" nullable="true" remarks="" size="2147483647" type="varchar"/>
      </table>
      <table name="v_evento" numRows="0" remarks="" schema="public" type="VIEW">
         <column autoUpdated="false" digits="0" id="0" name="id_evento" nullable="true" remarks="" size="10" type="int4"/>
         <column autoUpdated="false" digits="0" id="1" name="nombre" nullable="true" remarks="" size="250" type="varchar"/>
         <column autoUpdated="false" digits="0" id="2" name="fecha_desde" nullable="true" remarks="" size="13" type="date"/>
         <column autoUpdated="false" digits="0" id="3" name="fecha_hasta" nullable="true" remarks="" size="13" type="date"/>
         <column autoUpdated="false" digits="0" id="4" name="cantidad" nullable="true" remarks="" size="10" type="int4"/>
         <column autoUpdated="false" digits="0" id="5" name="obsoleto" nullable="true" remarks="" size="1" type="bool"/>
      </table>
      <table name="v_evento_all" numRows="0" remarks="" schema="public" type="VIEW">
         <column autoUpdated="false" digits="0" id="0" name="id_evento" nullable="true" remarks="" size="10" type="int4"/>
         <column autoUpdated="false" digits="0" id="1" name="nombre" nullable="true" remarks="" size="250" type="varchar"/>
         <column autoUpdated="false" digits="0" id="2" name="fecha_desde" nullable="true" remarks="" size="13" type="date"/>
         <column autoUpdated="false" digits="0" id="3" name="fecha_hasta" nullable="true" remarks="" size="13" type="date"/>
         <column autoUpdated="false" digits="0" id="4" name="cantidad" nullable="true" remarks="" size="10" type="int4"/>
         <column autoUpdated="false" digits="0" id="5" name="obsoleto" nullable="true" remarks="" size="1" type="bool"/>
      </table>
      <table name="v_extra" numRows="0" remarks="" schema="public" type="VIEW">
         <column autoUpdated="false" digits="0" id="0" name="id_extra" nullable="true" remarks="" size="10" type="int4"/>
         <column autoUpdated="false" digits="0" id="1" name="descripcion" nullable="true" remarks="" size="200" type="varchar"/>
         <column autoUpdated="false" digits="0" id="2" name="codigo" nullable="true" remarks="" size="19" type="int8"/>
         <column autoUpdated="false" digits="8" id="3" name="precio_unitario" nullable="true" remarks="" size="8" type="float4"/>
         <column autoUpdated="false" digits="0" id="4" name="cantidad" nullable="true" remarks="" size="10" type="int4"/>
         <column autoUpdated="false" digits="0" id="5" name="obsoleto" nullable="true" remarks="" size="1" type="bool"/>
      </table>
      <table name="v_extra_all" numRows="0" remarks="" schema="public" type="VIEW">
         <column autoUpdated="false" digits="0" id="0" name="id_extra" nullable="true" remarks="" size="10" type="int4"/>
         <column autoUpdated="false" digits="0" id="1" name="descripcion" nullable="true" remarks="" size="200" type="varchar"/>
         <column autoUpdated="false" digits="0" id="2" name="codigo" nullable="true" remarks="" size="19" type="int8"/>
         <column autoUpdated="false" digits="8" id="3" name="precio_unitario" nullable="true" remarks="" size="8" type="float4"/>
         <column autoUpdated="false" digits="0" id="4" name="cantidad" nullable="true" remarks="" size="10" type="int4"/>
         <column autoUpdated="false" digits="0" id="5" name="obsoleto" nullable="true" remarks="" size="1" type="bool"/>
      </table>
      <table name="v_parametros_generales" numRows="0" remarks="" schema="public" type="VIEW">
         <column autoUpdated="false" digits="0" id="0" name="id_parametros_generales" nullable="true" remarks="" size="10" type="int4"/>
         <column autoUpdated="false" digits="8" id="1" name="precio_x_racion" nullable="true" remarks="" size="8" type="float4"/>
         <column autoUpdated="false" digits="0" id="2" name="racion_x_persona" nullable="true" remarks="" size="10" type="int4"/>
         <column autoUpdated="false" digits="0" id="3" name="obsoleto" nullable="true" remarks="" size="1" type="bool"/>
      </table>
      <table name="v_parametros_generales_all" numRows="0" remarks="" schema="public" type="VIEW">
         <column autoUpdated="false" digits="0" id="0" name="id_parametros_generales" nullable="true" remarks="" size="10" type="int4"/>
         <column autoUpdated="false" digits="8" id="1" name="precio_x_racion" nullable="true" remarks="" size="8" type="float4"/>
         <column autoUpdated="false" digits="0" id="2" name="racion_x_persona" nullable="true" remarks="" size="10" type="int4"/>
         <column autoUpdated="false" digits="0" id="3" name="obsoleto" nullable="true" remarks="" size="1" type="bool"/>
      </table>
      <table name="v_persona" numRows="0" remarks="" schema="public" type="VIEW">
         <column autoUpdated="false" digits="0" id="0" name="id_persona" nullable="true" remarks="" size="10" type="int4"/>
         <column autoUpdated="false" digits="0" id="1" name="nombre" nullable="true" remarks="" size="100" type="varchar"/>
         <column autoUpdated="false" digits="0" id="2" name="apellido" nullable="true" remarks="" size="100" type="varchar"/>
         <column autoUpdated="false" digits="0" id="3" name="cuip" nullable="true" remarks="" size="19" type="int8"/>
         <column autoUpdated="false" digits="0" id="4" name="mail" nullable="true" remarks="" size="250" type="varchar"/>
         <column autoUpdated="false" digits="0" id="5" name="obsoleto" nullable="true" remarks="" size="1" type="bool"/>
      </table>
      <table name="v_persona_all" numRows="0" remarks="" schema="public" type="VIEW">
         <column autoUpdated="false" digits="0" id="0" name="id_persona" nullable="true" remarks="" size="10" type="int4"/>
         <column autoUpdated="false" digits="0" id="1" name="nombre" nullable="true" remarks="" size="100" type="varchar"/>
         <column autoUpdated="false" digits="0" id="2" name="apellido" nullable="true" remarks="" size="100" type="varchar"/>
         <column autoUpdated="false" digits="0" id="3" name="cuip" nullable="true" remarks="" size="19" type="int8"/>
         <column autoUpdated="false" digits="0" id="4" name="mail" nullable="true" remarks="" size="250" type="varchar"/>
         <column autoUpdated="false" digits="0" id="5" name="obsoleto" nullable="true" remarks="" size="1" type="bool"/>
      </table>
      <table name="v_tipo_cliente" numRows="0" remarks="" schema="public" type="VIEW">
         <column autoUpdated="false" digits="0" id="0" name="id_tipo_cliente" nullable="true" remarks="" size="10" type="int4"/>
         <column autoUpdated="false" digits="0" id="1" name="descripcion" nullable="true" remarks="" size="200" type="varchar"/>
         <column autoUpdated="false" digits="0" id="2" name="tipo_beca" nullable="true" remarks="" size="1" type="varchar"/>
         <column autoUpdated="false" digits="0" id="3" name="tipo_monto" nullable="true" remarks="" size="1" type="varchar"/>
         <column autoUpdated="false" digits="0" id="4" name="beca" nullable="true" remarks="" size="10" type="int4"/>
         <column autoUpdated="false" digits="0" id="5" name="tipo_duracion" nullable="true" remarks="" size="1" type="varchar"/>
         <column autoUpdated="false" digits="0" id="6" name="tipo_renovacion" nullable="true" remarks="" size="1" type="varchar"/>
         <column autoUpdated="false" digits="0" id="7" name="renovacion" nullable="true" remarks="" size="10" type="varchar"/>
         <column autoUpdated="false" digits="0" id="8" name="max_personas_agregar" nullable="true" remarks="" size="10" type="int4"/>
         <column autoUpdated="false" digits="0" id="9" name="obsoleto" nullable="true" remarks="" size="1" type="bool"/>
      </table>
      <table name="v_tipo_cliente_all" numRows="0" remarks="" schema="public" type="VIEW">
         <column autoUpdated="false" digits="0" id="0" name="id_tipo_cliente" nullable="true" remarks="" size="10" type="int4"/>
         <column autoUpdated="false" digits="0" id="1" name="descripcion" nullable="true" remarks="" size="200" type="varchar"/>
         <column autoUpdated="false" digits="0" id="2" name="tipo_beca" nullable="true" remarks="" size="1" type="varchar"/>
         <column autoUpdated="false" digits="0" id="3" name="tipo_monto" nullable="true" remarks="" size="1" type="varchar"/>
         <column autoUpdated="false" digits="0" id="4" name="beca" nullable="true" remarks="" size="10" type="int4"/>
         <column autoUpdated="false" digits="0" id="5" name="tipo_duracion" nullable="true" remarks="" size="1" type="varchar"/>
         <column autoUpdated="false" digits="0" id="6" name="tipo_renovacion" nullable="true" remarks="" size="1" type="varchar"/>
         <column autoUpdated="false" digits="0" id="7" name="renovacion" nullable="true" remarks="" size="10" type="varchar"/>
         <column autoUpdated="false" digits="0" id="8" name="max_personas_agregar" nullable="true" remarks="" size="10" type="int4"/>
         <column autoUpdated="false" digits="0" id="9" name="obsoleto" nullable="true" remarks="" size="1" type="bool"/>
      </table>
   </tables>
</database>
